{"cameraMode":{"drawMode":0,"name":"Shaded","section":"Shading Mode"},"sceneLighting":false,"audioPlay":false,"sceneViewState":{"m_AlwaysRefresh":false,"showFog":true,"showSkybox":false,"showFlares":true,"showImageEffects":true,"showParticleSystems":true,"showVisualEffectGraphs":true,"m_FxEnabled":true},"in2DMode":false,"pivot":{"x":5.018276691436768,"y":1.1430591344833375,"z":-4.0699615478515629},"rotation":{"x":0.002151194494217634,"y":0.9950524568557739,"z":-0.02229345589876175,"w":0.09762262552976608},"size":1.47971510887146,"orthographic":false}