{"cameraMode":{"drawMode":0,"name":"Shaded","section":"Shading Mode"},"sceneLighting":true,"audioPlay":false,"sceneViewState":{"m_AlwaysRefresh":false,"showFog":true,"showSkybox":false,"showFlares":true,"showImageEffects":true,"showParticleSystems":true,"showVisualEffectGraphs":true,"m_FxEnabled":true},"in2DMode":false,"pivot":{"x":0.09236860275268555,"y":0.502200186252594,"z":0.22449660301208497},"rotation":{"x":0.07430163025856018,"y":-0.8774949312210083,"z":0.4512723982334137,"w":0.14448998868465424},"size":2.6309852600097658,"orthographic":false}