{"cameraMode":{"drawMode":0,"name":"Shaded","section":"Shading Mode"},"sceneLighting":false,"audioPlay":false,"sceneViewState":{"m_AlwaysRefresh":false,"showFog":true,"showSkybox":false,"showFlares":true,"showImageEffects":true,"showParticleSystems":true,"showVisualEffectGraphs":true,"m_FxEnabled":true},"in2DMode":false,"pivot":{"x":5.537384033203125,"y":2.384185791015625e-7,"z":0.2877562642097473},"rotation":{"x":0.21059578657150269,"y":-0.4363429844379425,"z":0.10567197948694229,"w":0.8686031699180603},"size":0.17320501804351808,"orthographic":false}