{"cameraMode":{"drawMode":0,"name":"Shaded","section":"Shading Mode"},"sceneLighting":false,"audioPlay":false,"sceneViewState":{"m_AlwaysRefresh":false,"showFog":true,"showSkybox":false,"showFlares":true,"showImageEffects":true,"showParticleSystems":true,"showVisualEffectGraphs":true,"m_FxEnabled":true},"in2DMode":false,"pivot":{"x":-0.5841442346572876,"y":1.9337401390075684,"z":0.5016907453536987},"rotation":{"x":-0.03825150057673454,"y":-0.33437126874923708,"z":-0.013594983145594597,"w":0.9416979551315308},"size":0.8660253882408142,"orthographic":false}