{"cameraMode":{"drawMode":0,"name":"Shaded","section":"Shading Mode"},"sceneLighting":false,"audioPlay":false,"sceneViewState":{"m_AlwaysRefresh":false,"showFog":true,"showSkybox":false,"showFlares":true,"showImageEffects":true,"showParticleSystems":true,"showVisualEffectGraphs":true,"m_FxEnabled":true},"in2DMode":false,"pivot":{"x":-5.318059921264648,"y":1.373708963394165,"z":21.840469360351564},"rotation":{"x":0.15050873160362245,"y":0.48158496618270876,"z":-0.08436265587806702,"w":0.8593144416809082},"size":1.4219987392425538,"orthographic":false}