{"cameraMode":{"drawMode":0,"name":"Shaded","section":"Shading Mode"},"sceneLighting":false,"audioPlay":false,"sceneViewState":{"m_AlwaysRefresh":false,"showFog":true,"showSkybox":false,"showFlares":true,"showImageEffects":true,"showParticleSystems":true,"showVisualEffectGraphs":true,"m_FxEnabled":true},"in2DMode":false,"pivot":{"x":0.8759999871253967,"y":3.4221792221069338,"z":2.2950000762939455},"rotation":{"x":0.02077159844338894,"y":0.9353904128074646,"z":-0.056066498160362247,"w":0.34922078251838686},"size":0.17320498824119569,"orthographic":false}